Taxonomy,Phylum,Class,Genus,Database,Sample,Locality
Dothideomycetes,Ascomycota,Dothideomycetes,NA,UBOCC,"Marine deep-sea, Hydrothermal animal, Hydrothermal worm, Alvinella pompejana",International waters
Pleosporales,Ascomycota,Dothideomycetes,NA,UBOCC,"Marine, Seawater, Sediment, Sediment",France
Paraleptosphaeria dryadis,Ascomycota,Dothideomycetes,Paraleptosphaeria,UBOCC,"Marine deep-sea, Seawater, Core, Oceanic crust",International waters
Phaeosphaeria phoenicicola,Ascomycota,Dothideomycetes,Phaeosphaeria,UBOCC,"Marine, Seawater, Sediment, Sediment",France
Preussia,Ascomycota,Dothideomycetes,Preussia,UBOCC,"Marine, Seawater, Sediment, Sediment",France
Scolecobasidium,Ascomycota,Dothideomycetes,Scolecobasidium,UBOCC,"Marine deep-sea, Hydrothermal animal, Hydrothermal coral, Coral",International waters
Paecilomyces,Ascomycota,Eurotiomycetes,Paecilomyces,UBOCC,"Marine deep-sea, Hydrothermal source, Hydrothermal sediment, Sediment",New Zealand
Penicillium,Ascomycota,Eurotiomycetes,Penicillium,UBOCC,"Marine deep-sea, Hydrothermal source, Hydrothermal sediment, Sediment",New Zealand
Talaromyces barcinensis,Ascomycota,Eurotiomycetes,Penicillium,UBOCC,"Marine, Seawater, Sediment, Sediment",France
Phialophora,Ascomycota,Eurotiomycetes,Phialophora,UBOCC,"Marine deep-sea, Hydrothermal source, Hydrothermal sediment, Sediment",New Zealand
Crocicreas,Ascomycota,Leotiomycetes,Crocicreas,UBOCC,"Marine deep-sea, Seawater, Core, Oceanic crust",International waters
Hyaloscypha,Ascomycota,Leotiomycetes,Hyaloscypha,UBOCC,"Marine deep-sea, Seawater, Core, Oceanic crust",International waters
Lachnum,Ascomycota,Leotiomycetes,Lachnum,UBOCC,"Marine deep-sea, Seawater, Core, Oceanic crust",International waters
Lachnum virgineum,Ascomycota,Leotiomycetes,Lachnum,UBOCC,"Marine deep-sea, Seawater, Core, Oceanic crust",International waters
Trichopeziza sulphurea,Ascomycota,Leotiomycetes,Lachnum,UBOCC,"Marine deep-sea, Seawater, Core, Oceanic crust",International waters
Microscypha,Ascomycota,Leotiomycetes,Microscypha,UBOCC,"Marine deep-sea, Seawater, Core, Oceanic crust",International waters
Helotiales,Ascomycota,Leotiomycetes,NA,UBOCC,"Marine deep-sea, Hydrothermal animal, Hydrothermal worm, Alvinella pompejana",International waters
Neobulgaria,Ascomycota,Leotiomycetes,Neobulgaria,UBOCC,"Marine deep-sea, Seawater, Core, Oceanic crust",International waters
Oidiodendron griseum,Ascomycota,Leotiomycetes,Oidiodendron,UBOCC,"Marine deep-sea, Hydrothermal source, Hydrothermal sediment, Sediment",New Zealand
Pseudogymnoascus appendiculatus,Ascomycota,Leotiomycetes,Pseudogymnoascus,UBOCC,"Marine deep-sea, Hydrothermal animal, Hydrothermal shrimp, Rimicaris exoculata",International waters
Pseudogymnoascus pannorum,Ascomycota,Leotiomycetes,Pseudogymnoascus,UBOCC,"Marine deep-sea, Hydrothermal animal, Hydrothermal shrimp, Rimicaris exoculata",International waters
Orbiliaceae,Ascomycota,Orbiliomycetes,NA,UBOCC,"Marine deep-sea, Hydrothermal animal, Hydrothermal worm, Alvinella pompejana",International waters
Galactomyces,Ascomycota,Saccharomycetes,Galactomyces,UBOCC,"Marine, Seawater, Sediment, Sediment",France
Galactomyces pseudocandidus,Ascomycota,Saccharomycetes,Geotrichum,UBOCC,"Marine, Seawater, Sediment, Sediment",France
Saccharomycetales,Ascomycota,Saccharomycetes,NA,UBOCC,"Marine, Seawater, Sediment, Sediment",France
Yamadazyma barbieri,Ascomycota,Saccharomycetes,Yamadazyma,UBOCC,"Marine deep-sea, Hydrothermal source, Hydrothermal fluid, Fluid",International waters
Acremonium,Ascomycota,Sordariomycetes,Acremonium,UBOCC,"Marine deep-sea, Hydrothermal source, Hydrothermal sediment, Sediment",New Zealand
Acrostalagmus luteoalbus,Ascomycota,Sordariomycetes,Acrostalagmus,UBOCC,"Marine, Seawater, Sediment, Sediment",France
Aniptodera limnetica,Ascomycota,Sordariomycetes,Aniptodera,NBRC,NBRC 32471,
Aniptodera salsuginosa,Ascomycota,Sordariomycetes,Aniptodera,NBRC,NBRC 32577,
Arenariomyces trifurcatus,Ascomycota,Sordariomycetes,Arenariomyces,NBRC,NBRC 32095,
Carbosphaerella leptosphaerioides,Ascomycota,Sordariomycetes,Carbosphaerella,NBRC,NBRC 106647,
Ceriosporopsis calyptrata,Ascomycota,Sordariomycetes,Ceriosporopsis,NBRC,NBRC 105269,
Ceriosporopsis halima,Ascomycota,Sordariomycetes,Ceriosporopsis,NBRC,NBRC 32098,
Ceriosporopsis longissima,Ascomycota,Sordariomycetes,Ceriosporopsis,NBRC,NBRC 32152,
Cirrenalia macrocephala,Ascomycota,Sordariomycetes,Cirrenalia,NBRC,NBRC 32154,
Clavatospora filiformis,Ascomycota,Sordariomycetes,Clavatospora,NBRC,NBRC 101442,
Corollospora anglusa,Ascomycota,Sordariomycetes,Corollospora,NBRC,NBRC 104919,
Corollospora angusta,Ascomycota,Sordariomycetes,Corollospora,NBRC,NBRC 32100,
Corollospora cinnamomea,Ascomycota,Sordariomycetes,Corollospora,NBRC,NBRC 32125,
Corollospora colossus,Ascomycota,Sordariomycetes,Corollospora,NBRC,NBRC 106650,
Corollospora filiformis,Ascomycota,Sordariomycetes,Corollospora,NBRC,NBRC 32106,
Corollospora fusca,Ascomycota,Sordariomycetes,Corollospora,NBRC,NBRC 32107,
Corollospora gracilis,Ascomycota,Sordariomycetes,Corollospora,NBRC,NBRC 32110,
Corollospora intermedia,Ascomycota,Sordariomycetes,Corollospora,NBRC,NBRC 104402,
Corollospora lacera,Ascomycota,Sordariomycetes,Corollospora,NBRC,NBRC 32121,
Corollospora luteola,Ascomycota,Sordariomycetes,Corollospora,NBRC,NBRC 31315,
Corollospora parvula,Ascomycota,Sordariomycetes,Corollospora,NBRC,NBRC 103558,
Corollospora portsaidica,Ascomycota,Sordariomycetes,Corollospora,NBRC,NBRC 105265,
Corollospora pseudopulchella,Ascomycota,Sordariomycetes,Corollospora,NBRC,NBRC 106641,
Corollospora pulchella,Ascomycota,Sordariomycetes,Corollospora,NBRC,NBRC 31323,
Corollospora quinqueseptata,Ascomycota,Sordariomycetes,Corollospora,NBRC,NBRC 32114,
Corollospora ramulosa,Ascomycota,Sordariomycetes,Corollospora,NBRC,NBRC 31325,
Cucullosporella mangrovei,Ascomycota,Sordariomycetes,Cucullosporella,NBRC,NBRC 105272,
Emericellopsis fimetaria,Ascomycota,Sordariomycetes,Emericellopsis,UBOCC,"Marine, Seawater, Sediment, Sediment",France
Emericellopsis maritima,Ascomycota,Sordariomycetes,Emericellopsis,UBOCC,"Marine, Seawater, Sediment, Sediment",France
Eutypa,Ascomycota,Sordariomycetes,Eutypa,UBOCC,"Marine deep-sea, Hydrothermal animal, Hydrothermal worm, Alvinella pompejana",International waters
Halazoon fuscus,Ascomycota,Sordariomycetes,Halazoon,NBRC,NBRC 105256,
Halosarpheia fibrosa,Ascomycota,Sordariomycetes,Halosarpheia,NBRC,NBRC 32483,
Halosarpheia japonica,Ascomycota,Sordariomycetes,Halosarpheia,NBRC,NBRC 105266,
Halosphaeria appendiculata,Ascomycota,Sordariomycetes,Halosphaeria,NBRC,NBRC 32147,
Halosphaeriopsis mediosetigera,Ascomycota,Sordariomycetes,Halosphaeriopsis,NBRC,NBRC 7837,
Halosphaeriopsis mediosetigera,Ascomycota,Sordariomycetes,Halosphaeriopsis,NBRC,NBRC 32127,
Hydea pygmea,Ascomycota,Sordariomycetes,Hydea,NBRC,NBRC 33069,
Kohlmeyeriella crassa,Ascomycota,Sordariomycetes,Kohlmeyeriella,NBRC,NBRC 32133,
Kohlmeyeriella tubulata,Ascomycota,Sordariomycetes,Kohlmeyeriella,NBRC,NBRC 32149,
Lecythophora,Ascomycota,Sordariomycetes,Lecythophora,UBOCC,"Marine deep-sea, Hydrothermal animal, Hydrothermal mussel, Bathymodiolus azoricus",Portugal
Lecythophora,Ascomycota,Sordariomycetes,Lecythophora,UBOCC,"Marine deep-sea, Hydrothermal animal, Hydrothermal shrimp, Rimicaris exoculata",International waters
Lignincola laevis,Ascomycota,Sordariomycetes,Lignincola,NBRC,NBRC 32129,
Lindra obtusa,Ascomycota,Sordariomycetes,Lindra,NBRC,NBRC 100412,
Lindra thalassiae,Ascomycota,Sordariomycetes,Lindra,NBRC,NBRC 106645,
Lulwoana uniseptata,Ascomycota,Sordariomycetes,Lulwoana,NBRC,NBRC 32137,
Lulwoidea lignoarenaria,Ascomycota,Sordariomycetes,Lulwoidea,NBRC,NBRC 32135,
Matsusporium tropicale,Ascomycota,Sordariomycetes,Matsusporium,NBRC,NBRC 32499,
Moromyces varius,Ascomycota,Sordariomycetes,Moromyces,NBRC,NBRC 105260,
Nohea delmarensis,Ascomycota,Sordariomycetes,Nohea,NBRC,NBRC 105288,
Paraaniptodera longispora,Ascomycota,Sordariomycetes,Paraaniptodera,NBRC,NBRC 32473,
Paralulworthia halima,Ascomycota,Sordariomycetes,Paralulworthia,NBRC,NBRC 8154,
Phomatospora,Ascomycota,Sordariomycetes,Phomatospora,UBOCC,"Marine deep-sea, Seawater, Core, Oceanic crust",International waters
Remispora hamata,Ascomycota,Sordariomycetes,Remispora,NBRC,NBRC 8621,
Remispora maritima,Ascomycota,Sordariomycetes,Remispora,NBRC,NBRC 8622,
Saagaromyces abonnis,Ascomycota,Sordariomycetes,Saagaromyces,NBRC,NBRC 32481,
Sarocladium,Ascomycota,Sordariomycetes,Sarocladium,UBOCC,"Marine deep-sea, Hydrothermal source, Hydrothermal sediment, Sediment",New Zealand
Striaticonidium cinctum,Ascomycota,Sordariomycetes,Striaticonidium,UBOCC,"Marine, Seawater, Sediment, Sediment",France
Trailia ascophylli,Ascomycota,Sordariomycetes,Trailia,NBRC,NBRC 106637,
Trichoderma,Ascomycota,Sordariomycetes,Trichoderma,UBOCC,"Marine, Seawater, Sediment, Sediment",France
Volutella consors,Ascomycota,Sordariomycetes,Volutellonectria,UBOCC,"Marine deep-sea, Seawater, Core, Oceanic crust",International waters
Zalerion xylestrix,Ascomycota,Sordariomycetes,Zalerion,NBRC,NBRC 7836,
Bjerkandera,Basidiomycota,Agaricomycetes,Bjerkandera,UBOCC,"Marine deep-sea, Hydrothermal source, Hydrothermal sediment, Sediment",New Zealand
Sistotrema brinkmannii,Basidiomycota,Agaricomycetes,Sistotrema,UBOCC,"Marine deep-sea, Seawater, Core, Oceanic crust",International waters
Kurtzmanomyces insolitus,Basidiomycota,Agaricostilbomycetes,Kurtzmanomyces,UBOCC,"Marine deep-sea, Seawater, Core, Oceanic crust",International waters
Entyloma calendulae,Basidiomycota,Exobasidiomycetes,Entyloma,UBOCC,"Marine deep-sea, Seawater, Core, Oceanic crust",International waters
Entyloma ficariae,Basidiomycota,Exobasidiomycetes,Entyloma,UBOCC,"Marine deep-sea, Seawater, Core, Oceanic crust",International waters
Tilletiopsis,Basidiomycota,Exobasidiomycetes,Tilletiopsis,UBOCC,"Marine deep-sea, Hydrothermal animal, Hydrothermal worm, Riftia pachyptila",International waters
Rhodotorula,Basidiomycota,Microbotryomycetes,Rhodotorula,UBOCC,"Marine deep-sea, Hydrothermal source, Hydrothermal sediment, Sediment",New Zealand
Rhodotorula,Basidiomycota,Microbotryomycetes,Rhodotorula,UBOCC,"Marine, Seawater, Sediment, Sediment",France
Bullera unica,Basidiomycota,Tremellomycetes,Bullera,UBOCC,"Marine deep-sea, Hydrothermal source, Hydrothermal sediment, Sediment",New Zealand
Cryptococcus,Basidiomycota,Tremellomycetes,Cryptococcus,UBOCC,"Marine deep-sea, Hydrothermal source, Colonization module, Colonization module",International waters
Wallemia sebi,Basidiomycota,Wallemiomycetes,Wallemia,UBOCC,"Marine deep-sea, Seawater, Core, Oceanic crust",International waters
Mucor griseocyanus,Mucoromycota,Mucoromycetes,Mucor,UBOCC,"Marine, Seawater, Sediment, Sediment",France